Topology,Force (kg),PSI
Unit Cell 1,1451.2,5161.122580645161
Unit Cell 2,1995.4,7096.543548387097
Unit Cell 3,2539.6,9031.964516129032
Unit Cell 4,3083.8,10967.385483870969
Unit Cell 5,3628.0,12902.806451612905
